{
  "version": "142556016",
  "colors": {
    "grey-30": {
      "type": "SOLID",
      "r": 0.7660066485404968,
      "g": 0.7713333368301392,
      "b": 0.797966718673706,
      "a": 1
    },
    "guides": {
      "type": "SOLID",
      "r": 0.8148473501205444,
      "g": 0.07423579692840576,
      "b": 1,
      "a": 1
    },
    "black": {
      "type": "SOLID",
      "r": 0.22745098173618317,
      "g": 0.2294117659330368,
      "b": 0.239215686917305,
      "a": 1
    },
    "grey-60": {
      "type": "SOLID",
      "r": 0.4941176474094391,
      "g": 0.5045751333236694,
      "b": 0.5568627715110779,
      "a": 1
    },
    "grey-15": {
      "type": "SOLID",
      "r": 0.4000000059604645,
      "g": 0.416666716337204,
      "b": 0.5,
      "a": 1
    },
    "total-black": {
      "type": "SOLID",
      "r": 0,
      "g": 0,
      "b": 0,
      "a": 1
    },
    "grey-10": {
      "type": "SOLID",
      "r": 0.9490196108818054,
      "g": 0.9503268003463745,
      "b": 0.95686274766922,
      "a": 1
    },
    "white": {
      "type": "SOLID",
      "r": 1,
      "g": 1,
      "b": 1,
      "a": 1
    },
    "grey-45": {
      "type": "SOLID",
      "r": 0.6579999923706055,
      "g": 0.6650000214576721,
      "b": 0.699999988079071,
      "a": 1
    },
    "grey-20": {
      "type": "SOLID",
      "r": 0.8813167810440063,
      "g": 0.88609778881073,
      "b": 0.9100027084350586,
      "a": 1
    },
    "accent": {
      "type": "SOLID",
      "r": 0.22745098173618317,
      "g": 0.2294117659330368,
      "b": 0.239215686917305,
      "a": 1
    },
    "error": {
      "type": "SOLID",
      "r": 0.8500000238418579,
      "g": 0.3377729058265686,
      "b": 0.3377729058265686,
      "a": 1
    },
    "bg-blur": {
      "type": "SOLID",
      "r": 1,
      "g": 1,
      "b": 1,
      "a": 1
    }
  },
  "textStyles": {
    "H1": {
      "fontFamily": "PT Root UI",
      "fontWeight": 500,
      "fontSize": 35,
      "lineHeight": 1.2857142857142858,
      "letterSpacing": 0
    },
    "H3": {
      "fontFamily": "PT Root UI",
      "fontWeight": 500,
      "fontSize": 25,
      "lineHeight": 1.4,
      "letterSpacing": 0
    },
    "H2": {
      "fontFamily": "PT Root UI",
      "fontWeight": 500,
      "fontSize": 30,
      "lineHeight": 1.3333333333333333,
      "letterSpacing": 0
    },
    "H5": {
      "fontFamily": "PT Root UI",
      "fontWeight": 700,
      "fontSize": 15,
      "lineHeight": 1.6666666666666667,
      "letterSpacing": 0
    },
    "H4": {
      "fontFamily": "PT Root UI",
      "fontWeight": 400,
      "fontSize": 20,
      "lineHeight": 1.5,
      "letterSpacing": 0
    },
    "p2_secondary-text": {
      "fontFamily": "PT Root UI",
      "fontWeight": 500,
      "fontSize": 13,
      "lineHeight": 1.5384615384615385,
      "letterSpacing": 0
    },
    "editor_share_icon": {
      "fontFamily": "PT Root UI",
      "fontWeight": 400,
      "fontSize": 13,
      "lineHeight": 1.5384615384615385,
      "letterSpacing": 0
    },
    "p1_main-text": {
      "fontFamily": "PT Root UI",
      "fontWeight": 500,
      "fontSize": 15,
      "lineHeight": 1.6666666666666667,
      "letterSpacing": 0
    },
    "id_Userpic-letters": {
      "fontFamily": "PT Root UI",
      "fontWeight": 700,
      "fontSize": 12,
      "lineHeight": 1,
      "letterSpacing": 0
    },
    "editor_caps": {
      "fontFamily": "PT Root UI",
      "fontWeight": 500,
      "fontSize": 10,
      "lineHeight": 2.5,
      "letterSpacing": 1.5
    },
    "id_Password-hidden": {
      "fontFamily": "PT Root UI",
      "fontWeight": 500,
      "fontSize": 15,
      "lineHeight": 1.6666666666666667,
      "letterSpacing": 6
    }
  },
  "components": [
    {
      "id": "143:5",
      "name": "icon/add_folder",
      "description": "Add folder",
      "image": "https://s3-us-west-2.amazonaws.com/figma-alpha-api/img/4786/a57a/efe2555b0cf7a84d7bbeb86c4751e0fd"
    },
    {
      "id": "145:18",
      "name": "icon/close",
      "description": "Close",
      "image": "https://s3-us-west-2.amazonaws.com/figma-alpha-api/img/6304/96fa/45f1a33c7d765e298c91eb5fdebeaf26"
    },
    {
      "id": "145:23",
      "name": "icon/linked",
      "description": "Link",
      "image": "https://s3-us-west-2.amazonaws.com/figma-alpha-api/img/0b12/aeda/fa5b665cb5cf93c3e37c28543851a23c"
    },
    {
      "id": "161:2",
      "name": "icon/shared",
      "description": "Shared\n",
      "image": "https://s3-us-west-2.amazonaws.com/figma-alpha-api/img/c635/1bc3/84674b97964639d3b51b1277d73d1771"
    },
    {
      "id": "133:70",
      "name": "icon/search",
      "description": "Search",
      "image": "https://s3-us-west-2.amazonaws.com/figma-alpha-api/img/1f30/2a7b/d5db51eb82b5707118697b14562a78f3"
    },
    {
      "id": "139:4",
      "name": "icon/view_list",
      "description": "View list",
      "image": "https://s3-us-west-2.amazonaws.com/figma-alpha-api/img/f21f/aaec/b84bf49bef27f50eaf3502adbdbe29ef"
    },
    {
      "id": "143:3",
      "name": "icon/add_project",
      "description": "Add file",
      "image": "https://s3-us-west-2.amazonaws.com/figma-alpha-api/img/a2e3/b63a/48157c3b9df2ca41c77fe26568500123"
    },
    {
      "id": "140:5",
      "name": "icon/view_cards",
      "description": "View cards",
      "image": "https://s3-us-west-2.amazonaws.com/figma-alpha-api/img/ae5c/bb4c/2a6a29db0c245c8c63a38283ec30b878"
    },
    {
      "id": "248:11",
      "name": "icon/logout",
      "description": "Log out",
      "image": "https://s3-us-west-2.amazonaws.com/figma-alpha-api/img/b7ce/9ed4/67125c0f216660f87bd8490f2d762f48"
    },
    {
      "id": "248:12",
      "name": "icon/delete",
      "description": "Delete",
      "image": "https://s3-us-west-2.amazonaws.com/figma-alpha-api/img/7111/ddb3/ed87a166086bcd690321e5bfcb6cc545"
    },
    {
      "id": "312:2",
      "name": "icon/upload",
      "description": "Import",
      "image": "https://s3-us-west-2.amazonaws.com/figma-alpha-api/img/7a0b/5a63/c37f6375fc8d6778ed7968b614e0714e"
    },
    {
      "id": "324:3",
      "name": "icon/password",
      "description": "Password\n",
      "image": "https://s3-us-west-2.amazonaws.com/figma-alpha-api/img/4987/36dc/16ac8f3828cccf044029d9d86f06d24c"
    },
    {
      "id": "145:8",
      "name": "icon/more",
      "description": "More",
      "image": "https://s3-us-west-2.amazonaws.com/figma-alpha-api/img/8448/4c8b/59673708a9f337337e616f87d0c24e99"
    },
    {
      "id": "145:10",
      "name": "icon/arrow_down",
      "description": "Arrow \ndown",
      "image": "https://s3-us-west-2.amazonaws.com/figma-alpha-api/img/d826/bb31/b302f5c3f1d562fcacf436496fa50c86"
    },
    {
      "id": "228:6",
      "name": "icon/arrow_up",
      "description": "Arrow up\n",
      "image": "https://s3-us-west-2.amazonaws.com/figma-alpha-api/img/c9cf/d002/0cc34ac238df62c70377458f463ade2a"
    },
    {
      "id": "145:12",
      "name": "icon/arrow_left",
      "description": "Arrow left",
      "image": "https://s3-us-west-2.amazonaws.com/figma-alpha-api/img/1373/a54a/35612ad19a9c1ed4f78886b397990f17"
    },
    {
      "id": "228:11",
      "name": "icon/arrow_right",
      "description": "Arrow right",
      "image": "https://s3-us-west-2.amazonaws.com/figma-alpha-api/img/7fa0/0405/ecad5e441c23bcf5a54932449409e5a8"
    },
    {
      "id": "133:15",
      "name": "icon/help_question",
      "description": "Help question",
      "image": "https://s3-us-west-2.amazonaws.com/figma-alpha-api/img/4d59/3075/4c5f33134f8f9bc70bda285e1861ca15"
    },
    {
      "id": "133:16",
      "name": "icon/help_answer",
      "description": "Help answer\n",
      "image": "https://s3-us-west-2.amazonaws.com/figma-alpha-api/img/e914/7b22/13b1e152775a353ab5c8c351edb0c788"
    },
    {
      "id": "143:6",
      "name": "icon/eye_open",
      "description": "Eye open",